{"cameraMode":{"drawMode":0,"name":"Shaded","section":"Shading Mode"},"sceneLighting":true,"audioPlay":false,"sceneViewState":{"m_AlwaysRefresh":false,"showFog":true,"showSkybox":true,"showFlares":true,"showImageEffects":true,"showParticleSystems":true,"showVisualEffectGraphs":true,"m_FxEnabled":true},"in2DMode":false,"pivot":{"x":86.2667236328125,"y":158.41827392578126,"z":-13.113027572631836},"rotation":{"x":-0.044668618589639667,"y":-0.019490402191877366,"z":-0.0008915905491448939,"w":0.9988393783569336},"size":20.073299407958986,"orthographic":false}